CREATE DATABASE  IF NOT EXISTS `trade` /*!40100 DEFAULT CHARACTER SET utf8mb4 COLLATE utf8mb4_0900_ai_ci */ /*!80016 DEFAULT ENCRYPTION='N' */;
USE `trade`;
-- MySQL dump 10.13  Distrib 8.0.17, for Win64 (x86_64)
--
-- Host: localhost    Database: trade
-- ------------------------------------------------------
-- Server version	8.0.17

/*!40101 SET @OLD_CHARACTER_SET_CLIENT=@@CHARACTER_SET_CLIENT */;
/*!40101 SET @OLD_CHARACTER_SET_RESULTS=@@CHARACTER_SET_RESULTS */;
/*!40101 SET @OLD_COLLATION_CONNECTION=@@COLLATION_CONNECTION */;
/*!50503 SET NAMES utf8 */;
/*!40103 SET @OLD_TIME_ZONE=@@TIME_ZONE */;
/*!40103 SET TIME_ZONE='+00:00' */;
/*!40014 SET @OLD_UNIQUE_CHECKS=@@UNIQUE_CHECKS, UNIQUE_CHECKS=0 */;
/*!40014 SET @OLD_FOREIGN_KEY_CHECKS=@@FOREIGN_KEY_CHECKS, FOREIGN_KEY_CHECKS=0 */;
/*!40101 SET @OLD_SQL_MODE=@@SQL_MODE, SQL_MODE='NO_AUTO_VALUE_ON_ZERO' */;
/*!40111 SET @OLD_SQL_NOTES=@@SQL_NOTES, SQL_NOTES=0 */;

--
-- Table structure for table `categories`
--

DROP TABLE IF EXISTS `categories`;
/*!40101 SET @saved_cs_client     = @@character_set_client */;
/*!50503 SET character_set_client = utf8mb4 */;
CREATE TABLE `categories` (
  `id` int(11) NOT NULL AUTO_INCREMENT,
  `name` varchar(100) DEFAULT NULL,
  PRIMARY KEY (`id`)
) ENGINE=InnoDB AUTO_INCREMENT=7 DEFAULT CHARSET=utf8mb4 COLLATE=utf8mb4_0900_ai_ci;
/*!40101 SET character_set_client = @saved_cs_client */;

--
-- Dumping data for table `categories`
--
-- ORDER BY:  `id`

LOCK TABLES `categories` WRITE;
/*!40000 ALTER TABLE `categories` DISABLE KEYS */;
INSERT INTO `categories` VALUES (1,'Табачные изделия'),(2,'Алкоголь'),(3,'Снэки'),(4,'Продукты'),(5,'Прочее'),(6,'Одежда');
/*!40000 ALTER TABLE `categories` ENABLE KEYS */;
UNLOCK TABLES;

--
-- Table structure for table `products`
--

DROP TABLE IF EXISTS `products`;
/*!40101 SET @saved_cs_client     = @@character_set_client */;
/*!50503 SET character_set_client = utf8mb4 */;
CREATE TABLE `products` (
  `id` int(11) NOT NULL AUTO_INCREMENT,
  `name` varchar(100) DEFAULT NULL,
  `price` int(11) DEFAULT NULL,
  `category_id` int(11) DEFAULT NULL,
  PRIMARY KEY (`id`),
  KEY `fk1_idx` (`category_id`),
  CONSTRAINT `fk1` FOREIGN KEY (`category_id`) REFERENCES `categories` (`id`)
) ENGINE=InnoDB AUTO_INCREMENT=21 DEFAULT CHARSET=utf8mb4 COLLATE=utf8mb4_0900_ai_ci;
/*!40101 SET character_set_client = @saved_cs_client */;

--
-- Dumping data for table `products`
--
-- ORDER BY:  `id`

LOCK TABLES `products` WRITE;
/*!40000 ALTER TABLE `products` DISABLE KEYS */;
INSERT INTO `products` VALUES (1,'Сигареты',170,1),(2,'Пиво',120,2),(3,'Чипсы',120,3),(4,'Колбаса вареная',450,4),(5,'Сыр',500,4),(6,'Вино',350,2),(7,'Хлеб',20,4),(8,'Колбаса сырокопченая',600,4),(9,'Крупа гречневая',90,4),(10,'Масло',250,4),(11,'Рис',60,4),(12,'Вода мин.',40,4),(13,'Арахис',80,3),(14,'Носки муж',110,5),(15,'Носки жен',120,5),(16,'Зажигалка',30,5),(17,'Булочка',15,4),(18,'Тетрадь',12,5),(19,'Сковорода',220,5),(20,'Примус',225,5);
/*!40000 ALTER TABLE `products` ENABLE KEYS */;
UNLOCK TABLES;

--
-- Table structure for table `sales`
--

DROP TABLE IF EXISTS `sales`;
/*!40101 SET @saved_cs_client     = @@character_set_client */;
/*!50503 SET character_set_client = utf8mb4 */;
CREATE TABLE `sales` (
  `id` int(11) NOT NULL AUTO_INCREMENT,
  `product_id` int(11) NOT NULL,
  `date_sale` datetime NOT NULL,
  `amount` int(11) DEFAULT NULL,
  PRIMARY KEY (`id`),
  KEY `fk1_idx` (`product_id`),
  CONSTRAINT `fk3` FOREIGN KEY (`product_id`) REFERENCES `products` (`id`)
) ENGINE=InnoDB AUTO_INCREMENT=179 DEFAULT CHARSET=utf8mb4 COLLATE=utf8mb4_0900_ai_ci;
/*!40101 SET character_set_client = @saved_cs_client */;

--
-- Dumping data for table `sales`
--
-- ORDER BY:  `id`

LOCK TABLES `sales` WRITE;
/*!40000 ALTER TABLE `sales` DISABLE KEYS */;
INSERT INTO `sales` VALUES (1,1,'2020-02-01 00:00:00',189),(2,1,'2020-02-02 00:00:00',156),(3,1,'2020-02-03 00:00:00',186),(4,1,'2020-02-04 00:00:00',300),(5,1,'2020-02-05 00:00:00',402),(6,1,'2020-02-06 00:00:00',240),(7,1,'2020-02-07 00:00:00',417),(8,1,'2020-02-08 00:00:00',333),(9,1,'2020-02-09 00:00:00',363),(10,1,'2020-02-10 00:00:00',237),(11,2,'2020-02-01 00:00:00',258),(12,2,'2020-02-02 00:00:00',276),(13,2,'2020-02-03 00:00:00',286),(14,2,'2020-02-04 00:00:00',300),(15,2,'2020-02-05 00:00:00',298),(16,2,'2020-02-06 00:00:00',240),(17,2,'2020-02-07 00:00:00',280),(18,2,'2020-02-08 00:00:00',272),(19,2,'2020-02-09 00:00:00',282),(20,2,'2020-02-10 00:00:00',146),(21,3,'2020-02-01 00:00:00',118),(22,3,'2020-02-02 00:00:00',101),(23,3,'2020-02-03 00:00:00',101),(24,3,'2020-02-04 00:00:00',105),(25,3,'2020-02-05 00:00:00',120),(26,3,'2020-02-06 00:00:00',120),(27,3,'2020-02-07 00:00:00',103),(28,3,'2020-02-08 00:00:00',108),(29,3,'2020-02-09 00:00:00',101),(30,3,'2020-02-10 00:00:00',100),(31,4,'2020-02-01 00:00:00',20),(32,4,'2020-02-02 00:00:00',21),(33,4,'2020-02-03 00:00:00',20),(34,4,'2020-02-04 00:00:00',22),(35,4,'2020-02-05 00:00:00',25),(36,4,'2020-02-06 00:00:00',22),(37,4,'2020-02-07 00:00:00',20),(38,4,'2020-02-08 00:00:00',21),(39,4,'2020-02-09 00:00:00',22),(40,4,'2020-02-10 00:00:00',20),(41,5,'2020-02-01 00:00:00',17),(42,5,'2020-02-02 00:00:00',10),(43,5,'2020-02-03 00:00:00',20),(44,5,'2020-02-04 00:00:00',18),(45,5,'2020-02-05 00:00:00',11),(46,5,'2020-02-06 00:00:00',12),(47,5,'2020-02-07 00:00:00',10),(48,5,'2020-02-08 00:00:00',11),(49,5,'2020-02-09 00:00:00',19),(50,5,'2020-02-10 00:00:00',11),(51,6,'2020-02-01 00:00:00',15),(52,6,'2020-02-02 00:00:00',8),(53,6,'2020-02-03 00:00:00',27),(54,6,'2020-02-04 00:00:00',6),(55,6,'2020-02-05 00:00:00',13),(56,6,'2020-02-06 00:00:00',9),(57,6,'2020-02-07 00:00:00',25),(58,6,'2020-02-08 00:00:00',20),(59,6,'2020-02-09 00:00:00',19),(60,6,'2020-02-10 00:00:00',14),(61,7,'2020-02-01 00:00:00',247),(62,7,'2020-02-02 00:00:00',242),(63,7,'2020-02-03 00:00:00',292),(64,7,'2020-02-04 00:00:00',206),(65,7,'2020-02-05 00:00:00',240),(66,7,'2020-02-06 00:00:00',237),(67,7,'2020-02-07 00:00:00',284),(68,7,'2020-02-08 00:00:00',269),(69,7,'2020-02-09 00:00:00',274),(70,7,'2020-02-10 00:00:00',246),(71,8,'2020-02-01 00:00:00',5),(72,8,'2020-02-02 00:00:00',6),(73,8,'2020-02-03 00:00:00',5),(74,8,'2020-02-04 00:00:00',8),(75,8,'2020-02-05 00:00:00',9),(76,8,'2020-02-06 00:00:00',5),(77,8,'2020-02-07 00:00:00',5),(78,8,'2020-02-08 00:00:00',8),(79,8,'2020-02-09 00:00:00',6),(80,8,'2020-02-10 00:00:00',6),(81,9,'2020-02-01 00:00:00',34),(82,9,'2020-02-02 00:00:00',44),(83,9,'2020-02-03 00:00:00',44),(84,9,'2020-02-04 00:00:00',34),(85,9,'2020-02-05 00:00:00',42),(86,9,'2020-02-06 00:00:00',44),(87,9,'2020-02-07 00:00:00',39),(88,9,'2020-02-08 00:00:00',47),(89,9,'2020-02-09 00:00:00',49),(90,9,'2020-02-10 00:00:00',31),(91,10,'2020-02-01 00:00:00',12),(92,10,'2020-02-02 00:00:00',15),(93,10,'2020-02-03 00:00:00',13),(94,10,'2020-02-04 00:00:00',14),(95,10,'2020-02-05 00:00:00',15),(96,10,'2020-02-06 00:00:00',14),(97,10,'2020-02-07 00:00:00',14),(98,10,'2020-02-08 00:00:00',11),(99,10,'2020-02-09 00:00:00',7),(100,10,'2020-02-10 00:00:00',5),(101,11,'2020-02-01 00:00:00',33),(102,11,'2020-02-02 00:00:00',36),(103,11,'2020-02-03 00:00:00',39),(104,11,'2020-02-04 00:00:00',38),(105,11,'2020-02-05 00:00:00',34),(106,11,'2020-02-06 00:00:00',40),(107,11,'2020-02-07 00:00:00',32),(108,11,'2020-02-08 00:00:00',39),(109,11,'2020-02-09 00:00:00',38),(110,11,'2020-02-10 00:00:00',33),(111,12,'2020-02-01 00:00:00',36),(112,12,'2020-02-02 00:00:00',40),(113,12,'2020-02-03 00:00:00',35),(114,12,'2020-02-04 00:00:00',38),(115,12,'2020-02-05 00:00:00',31),(116,12,'2020-02-06 00:00:00',39),(117,12,'2020-02-07 00:00:00',36),(118,12,'2020-02-08 00:00:00',35),(119,12,'2020-02-09 00:00:00',38),(120,12,'2020-02-10 00:00:00',30),(121,13,'2020-02-01 00:00:00',12),(122,13,'2020-02-02 00:00:00',4),(123,13,'2020-02-03 00:00:00',11),(124,13,'2020-02-04 00:00:00',10),(125,13,'2020-02-05 00:00:00',3),(126,13,'2020-02-06 00:00:00',10),(127,13,'2020-02-07 00:00:00',6),(128,13,'2020-02-08 00:00:00',17),(129,13,'2020-02-09 00:00:00',7),(130,13,'2020-02-10 00:00:00',10),(131,14,'2020-02-01 00:00:00',10),(132,14,'2020-02-02 00:00:00',8),(133,14,'2020-02-03 00:00:00',6),(134,14,'2020-02-04 00:00:00',1),(135,14,'2020-02-06 00:00:00',1),(136,14,'2020-02-07 00:00:00',4),(137,14,'2020-02-08 00:00:00',9),(138,14,'2020-02-09 00:00:00',7),(139,14,'2020-02-10 00:00:00',9),(140,15,'2020-02-02 00:00:00',8),(141,15,'2020-02-03 00:00:00',2),(142,15,'2020-02-04 00:00:00',8),(143,15,'2020-02-05 00:00:00',9),(144,15,'2020-02-06 00:00:00',3),(145,15,'2020-02-07 00:00:00',8),(146,15,'2020-02-08 00:00:00',8),(147,15,'2020-02-09 00:00:00',1),(148,15,'2020-02-10 00:00:00',1),(149,16,'2020-02-01 00:00:00',7),(150,16,'2020-02-02 00:00:00',4),(151,16,'2020-02-03 00:00:00',7),(152,16,'2020-02-04 00:00:00',5),(153,16,'2020-02-05 00:00:00',8),(154,16,'2020-02-06 00:00:00',5),(155,16,'2020-02-07 00:00:00',4),(156,16,'2020-02-08 00:00:00',4),(157,16,'2020-02-09 00:00:00',1),(158,16,'2020-02-10 00:00:00',2),(159,17,'2020-02-01 00:00:00',9),(160,17,'2020-02-02 00:00:00',8),(161,17,'2020-02-03 00:00:00',8),(162,17,'2020-02-04 00:00:00',8),(163,17,'2020-02-05 00:00:00',8),(164,17,'2020-02-06 00:00:00',5),(165,17,'2020-02-07 00:00:00',6),(166,17,'2020-02-08 00:00:00',6),(167,17,'2020-02-09 00:00:00',5),(168,17,'2020-02-10 00:00:00',9),(169,18,'2020-02-01 00:00:00',9),(170,18,'2020-02-02 00:00:00',10),(171,18,'2020-02-03 00:00:00',8),(172,18,'2020-02-04 00:00:00',7),(173,18,'2020-02-05 00:00:00',6),(174,18,'2020-02-06 00:00:00',7),(175,18,'2020-02-07 00:00:00',8),(176,18,'2020-02-08 00:00:00',8),(177,18,'2020-02-09 00:00:00',6),(178,18,'2020-02-10 00:00:00',10);
/*!40000 ALTER TABLE `sales` ENABLE KEYS */;
UNLOCK TABLES;
/*!40103 SET TIME_ZONE=@OLD_TIME_ZONE */;

/*!40101 SET SQL_MODE=@OLD_SQL_MODE */;
/*!40014 SET FOREIGN_KEY_CHECKS=@OLD_FOREIGN_KEY_CHECKS */;
/*!40014 SET UNIQUE_CHECKS=@OLD_UNIQUE_CHECKS */;
/*!40101 SET CHARACTER_SET_CLIENT=@OLD_CHARACTER_SET_CLIENT */;
/*!40101 SET CHARACTER_SET_RESULTS=@OLD_CHARACTER_SET_RESULTS */;
/*!40101 SET COLLATION_CONNECTION=@OLD_COLLATION_CONNECTION */;
/*!40111 SET SQL_NOTES=@OLD_SQL_NOTES */;

-- Dump completed on 2020-04-13 14:35:47
